<?xml version="1.0" encoding="UTF-8"?>
<!DOCTYPE mapper PUBLIC "-//mybatis.org//DTD Mapper 3.0//EN" "http://mybatis.org/dtd/mybatis-3-mapper.dtd">
<mapper namespace="com.dao.GoodsCommentbackDao">





















    <!-- 通用查询结果列 -->
    <sql id="Base_Column_List">
        a.id as id
        ,a.goods_id as goodsId
        ,a.yonghu_id as yonghuId
        ,a.goods_commentback_text as goodsCommentbackText
        ,a.reply_text as replyText
        ,a.insert_time as insertTime
        ,a.update_time as updateTime
        ,a.create_time as createTime
    </sql>
    <select id="selectListView" parameterType="map" resultType="com.entity.view.GoodsCommentbackView" >
        SELECT
        <include refid="Base_Column_List" />

--         级联表的字段
        ,goods.goods_name as goodsName
        ,goods.goods_types as goodsTypes
        ,goods.goods_photo as goodsPhoto
        ,goods.goods_jinhuoshang as goodsJinhuoshang
        ,goods.goods_kucun_number as goodsKucunNumber
        ,goods.goods_old_money as goodsOldMoney
        ,goods.goods_new_money as goodsNewMoney
        ,goods.goods_clicknum as goodsClicknum
        ,goods.shangxia_types as shangxiaTypes
        ,goods.goods_delete as goodsDelete
        ,goods.goods_content as goodsContent
        ,yonghu.yonghu_name as yonghuName
        ,yonghu.yonghu_photo as yonghuPhoto
        ,yonghu.yonghu_phone as yonghuPhone
        ,yonghu.yonghu_id_number as yonghuIdNumber
        ,yonghu.new_money as newMoney
        ,yonghu.yonghu_delete as yonghuDelete

        FROM goods_commentback  a
        left JOIN goods goods ON a.goods_id = goods.id
        left JOIN yonghu yonghu ON a.yonghu_id = yonghu.id

        <where>
            <if test="params.ids != null">
                and a.id in
                <foreach item="item" index="index" collection="params.ids" open="(" separator="," close=")">
                #{item}
                </foreach>
            </if>
            <if test="params.goodsId != null and params.goodsId != ''">
                and a.goods_id = #{params.goodsId}
            </if>
            <if test="params.yonghuId != null and params.yonghuId != ''">
                and a.yonghu_id = #{params.yonghuId}
            </if>
            <if test=" params.goodsCommentbackText != '' and params.goodsCommentbackText != null and params.goodsCommentbackText != 'null' ">
                and a.goods_commentback_text like CONCAT('%',#{params.goodsCommentbackText},'%')
            </if>
            <if test=" params.replyText != '' and params.replyText != null and params.replyText != 'null' ">
                and a.reply_text like CONCAT('%',#{params.replyText},'%')
            </if>
            <if test=" params.insertTimeStart != '' and params.insertTimeStart != null ">
                <![CDATA[  and UNIX_TIMESTAMP(a.insert_time) >= UNIX_TIMESTAMP(#{params.insertTimeStart}) ]]>
            </if>
            <if test=" params.insertTimeEnd != '' and params.insertTimeEnd != null ">
                <![CDATA[  and UNIX_TIMESTAMP(a.insert_time) <= UNIX_TIMESTAMP(#{params.insertTimeEnd}) ]]>
            </if>
            <if test=" params.updateTimeStart != '' and params.updateTimeStart != null ">
                <![CDATA[  and UNIX_TIMESTAMP(a.update_time) >= UNIX_TIMESTAMP(#{params.updateTimeStart}) ]]>
            </if>
            <if test=" params.updateTimeEnd != '' and params.updateTimeEnd != null ">
                <![CDATA[  and UNIX_TIMESTAMP(a.update_time) <= UNIX_TIMESTAMP(#{params.updateTimeEnd}) ]]>
            </if>

                <!-- 判断商品信息的id不为空 -->
            <if test=" params.goodsIdNotNull != '' and params.goodsIdNotNull != null and params.goodsIdNotNull != 'null' ">
                and a.goods_id IS NOT NULL
            </if>
            <if test=" params.goodsName != '' and params.goodsName != null and params.goodsName != 'null' ">
                and goods.goods_name like CONCAT('%',#{params.goodsName},'%')
            </if>
            <if test="params.goodsTypes != null  and params.goodsTypes != ''">
                and goods.goods_types = #{params.goodsTypes}
            </if>

            <if test=" params.goodsJinhuoshang != '' and params.goodsJinhuoshang != null and params.goodsJinhuoshang != 'null' ">
                and goods.goods_jinhuoshang like CONCAT('%',#{params.goodsJinhuoshang},'%')
            </if>
            <if test="params.goodsKucunNumberStart != null  and params.goodsKucunNumberStart != '' ">
                <![CDATA[  and goods.goods_kucun_number >= #{params.goodsKucunNumberStart}   ]]>
            </if>
            <if test="params.goodsKucunNumberEnd != null  and params.goodsKucunNumberEnd != '' ">
                <![CDATA[  and goods.goods_kucun_number <= #{params.goodsKucunNumberEnd}   ]]>
            </if>
            <if test="params.goodsKucunNumber != null  and params.goodsKucunNumber != '' ">
                and goods.goods_kucun_number = #{params.goodsKucunNumber}
            </if>
            <if test="params.goodsOldMoneyStart != null ">
                <![CDATA[  and goods.goods_old_money >= #{params.goodsOldMoneyStart}   ]]>
            </if>
            <if test="params.goodsOldMoneyEnd != null ">
                <![CDATA[  and goods.goods_old_money <= #{params.goodsOldMoneyEnd}   ]]>
            </if>
            <if test="params.goodsNewMoneyStart != null ">
                <![CDATA[  and goods.goods_new_money >= #{params.goodsNewMoneyStart}   ]]>
            </if>
            <if test="params.goodsNewMoneyEnd != null ">
                <![CDATA[  and goods.goods_new_money <= #{params.goodsNewMoneyEnd}   ]]>
            </if>
            <if test="params.goodsClicknumStart != null  and params.goodsClicknumStart != '' ">
                <![CDATA[  and goods.goods_clicknum >= #{params.goodsClicknumStart}   ]]>
            </if>
            <if test="params.goodsClicknumEnd != null  and params.goodsClicknumEnd != '' ">
                <![CDATA[  and goods.goods_clicknum <= #{params.goodsClicknumEnd}   ]]>
            </if>
            <if test="params.goodsClicknum != null  and params.goodsClicknum != '' ">
                and goods.goods_clicknum = #{params.goodsClicknum}
            </if>
            <if test="params.shangxiaTypes != null  and params.shangxiaTypes != ''">
                and goods.shangxia_types = #{params.shangxiaTypes}
            </if>

            <if test="params.goodsDeleteStart != null  and params.goodsDeleteStart != '' ">
                <![CDATA[  and goods.goods_delete >= #{params.goodsDeleteStart}   ]]>
            </if>
            <if test="params.goodsDeleteEnd != null  and params.goodsDeleteEnd != '' ">
                <![CDATA[  and goods.goods_delete <= #{params.goodsDeleteEnd}   ]]>
            </if>
            <if test="params.goodsDelete != null  and params.goodsDelete != '' ">
                and goods.goods_delete = #{params.goodsDelete}
            </if>
            <if test=" params.goodsContent != '' and params.goodsContent != null and params.goodsContent != 'null' ">
                and goods.goods_content like CONCAT('%',#{params.goodsContent},'%')
            </if>
                <!-- 判断用户的id不为空 -->
            <if test=" params.yonghuIdNotNull != '' and params.yonghuIdNotNull != null and params.yonghuIdNotNull != 'null' ">
                and a.yonghu_id IS NOT NULL
            </if>
            <if test=" params.yonghuName != '' and params.yonghuName != null and params.yonghuName != 'null' ">
                and yonghu.yonghu_name like CONCAT('%',#{params.yonghuName},'%')
            </if>
            <if test=" params.yonghuPhone != '' and params.yonghuPhone != null and params.yonghuPhone != 'null' ">
                and yonghu.yonghu_phone like CONCAT('%',#{params.yonghuPhone},'%')
            </if>
            <if test=" params.yonghuIdNumber != '' and params.yonghuIdNumber != null and params.yonghuIdNumber != 'null' ">
                and yonghu.yonghu_id_number like CONCAT('%',#{params.yonghuIdNumber},'%')
            </if>
            <if test="params.newMoneyStart != null ">
                <![CDATA[  and yonghu.new_money >= #{params.newMoneyStart}   ]]>
            </if>
            <if test="params.newMoneyEnd != null ">
                <![CDATA[  and yonghu.new_money <= #{params.newMoneyEnd}   ]]>
            </if>
            <if test="params.yonghuDeleteStart != null  and params.yonghuDeleteStart != '' ">
                <![CDATA[  and yonghu.yonghu_delete >= #{params.yonghuDeleteStart}   ]]>
            </if>
            <if test="params.yonghuDeleteEnd != null  and params.yonghuDeleteEnd != '' ">
                <![CDATA[  and yonghu.yonghu_delete <= #{params.yonghuDeleteEnd}   ]]>
            </if>
            <if test="params.yonghuDelete != null  and params.yonghuDelete != '' ">
                and yonghu.yonghu_delete = #{params.yonghuDelete}
            </if>
        </where>

        order by a.${params.orderBy} desc 
    </select>

</mapper>