<?xml version="1.0" encoding="UTF-8"?>
<!DOCTYPE mapper PUBLIC "-//mybatis.org//DTD Mapper 3.0//EN" "http://mybatis.org/dtd/mybatis-3-mapper.dtd">
<mapper namespace="com.dao.QishouJiedanDao">



















    <!-- 通用查询结果列 -->
    <sql id="Base_Column_List">
        a.id as id
        ,a.qishou_id as qishouId
        ,a.goods_order_id as goodsOrderId
        ,a.insert_time as insertTime
        ,a.qishou_jiedan_types as qishouJiedanTypes
        ,a.create_time as createTime
    </sql>
    <select id="selectListView" parameterType="map" resultType="com.entity.view.QishouJiedanView" >
        SELECT
        <include refid="Base_Column_List" />

--         级联表的字段
        ,goodsOrder.goods_order_uuid_number as goodsOrderUuidNumber
        ,goodsOrder.buy_number as buyNumber
        ,goodsOrder.goods_order_true_price as goodsOrderTruePrice
        ,goodsOrder.goods_order_types as goodsOrderTypes
        ,goodsOrder.goods_order_payment_types as goodsOrderPaymentTypes
        ,qishou.qishou_name as qishouName
        ,qishou.qishou_photo as qishouPhoto
        ,qishou.qishou_phone as qishouPhone
        ,qishou.qishou_id_number as qishouIdNumber
        ,qishou.qishou_delete as qishouDelete

        FROM qishou_jiedan  a
        left JOIN goods_order goodsOrder ON a.goods_order_id = goodsOrder.id
        left JOIN qishou qishou ON a.qishou_id = qishou.id

        <where>
            <if test="params.ids != null">
                and a.id in
                <foreach item="item" index="index" collection="params.ids" open="(" separator="," close=")">
                #{item}
                </foreach>
            </if>
            <if test="params.qishouId != null and params.qishouId != ''">
                and a.qishou_id = #{params.qishouId}
            </if>
            <if test="params.goodsOrderId != null and params.goodsOrderId != ''">
                and a.goods_order_id = #{params.goodsOrderId}
            </if>
            <if test=" params.insertTimeStart != '' and params.insertTimeStart != null ">
                <![CDATA[  and UNIX_TIMESTAMP(a.insert_time) >= UNIX_TIMESTAMP(#{params.insertTimeStart}) ]]>
            </if>
            <if test=" params.insertTimeEnd != '' and params.insertTimeEnd != null ">
                <![CDATA[  and UNIX_TIMESTAMP(a.insert_time) <= UNIX_TIMESTAMP(#{params.insertTimeEnd}) ]]>
            </if>
            <if test="params.qishouJiedanTypes != null and params.qishouJiedanTypes != ''">
                and a.qishou_jiedan_types = #{params.qishouJiedanTypes}
            </if>

                <!-- 判断商品订单的id不为空 -->
            <if test=" params.goodsOrderIdNotNull != '' and params.goodsOrderIdNotNull != null and params.goodsOrderIdNotNull != 'null' ">
                and a.goods_order_id IS NOT NULL
            </if>
            <if test=" params.goodsOrderUuidNumber != '' and params.goodsOrderUuidNumber != null and params.goodsOrderUuidNumber != 'null' ">
                and goodsOrder.goods_order_uuid_number like CONCAT('%',#{params.goodsOrderUuidNumber},'%')
            </if>
            <if test="params.addressId != null  and params.addressId != ''">
                and goodsOrder.address_id = #{params.addressId}
            </if>
            <if test="params.goodsId != null  and params.goodsId != ''">
                and goodsOrder.goods_id = #{params.goodsId}
            </if>
            <if test="params.yonghuId != null  and params.yonghuId != ''">
                and goodsOrder.yonghu_id = #{params.yonghuId}
            </if>
            <if test="params.buyNumberStart != null  and params.buyNumberStart != '' ">
                <![CDATA[  and goodsOrder.buy_number >= #{params.buyNumberStart}   ]]>
            </if>
            <if test="params.buyNumberEnd != null  and params.buyNumberEnd != '' ">
                <![CDATA[  and goodsOrder.buy_number <= #{params.buyNumberEnd}   ]]>
            </if>
            <if test="params.buyNumber != null  and params.buyNumber != '' ">
                and goodsOrder.buy_number = #{params.buyNumber}
            </if>
            <if test="params.goodsOrderTruePriceStart != null ">
                <![CDATA[  and goodsOrder.goods_order_true_price >= #{params.goodsOrderTruePriceStart}   ]]>
            </if>
            <if test="params.goodsOrderTruePriceEnd != null ">
                <![CDATA[  and goodsOrder.goods_order_true_price <= #{params.goodsOrderTruePriceEnd}   ]]>
            </if>
            <if test="params.goodsOrderTypes != null  and params.goodsOrderTypes != ''">
                and goodsOrder.goods_order_types = #{params.goodsOrderTypes}
            </if>

            <if test="params.goodsOrderPaymentTypes != null  and params.goodsOrderPaymentTypes != ''">
                and goodsOrder.goods_order_payment_types = #{params.goodsOrderPaymentTypes}
            </if>

            <if test=" params.insertTimeStart != '' and params.insertTimeStart != null ">
                <![CDATA[  and UNIX_TIMESTAMP(goodsOrder.insert_time) >= UNIX_TIMESTAMP(#{params.insertTimeStart}) ]]>
            </if>
            <if test=" params.insertTimeEnd != '' and params.insertTimeEnd != null ">
                <![CDATA[  and UNIX_TIMESTAMP(goodsOrder.insert_time) <= UNIX_TIMESTAMP(#{params.insertTimeEnd}) ]]>
            </if>
                <!-- 判断骑手的id不为空 -->
            <if test=" params.qishouIdNotNull != '' and params.qishouIdNotNull != null and params.qishouIdNotNull != 'null' ">
                and a.qishou_id IS NOT NULL
            </if>
            <if test=" params.qishouName != '' and params.qishouName != null and params.qishouName != 'null' ">
                and qishou.qishou_name like CONCAT('%',#{params.qishouName},'%')
            </if>
            <if test=" params.qishouPhone != '' and params.qishouPhone != null and params.qishouPhone != 'null' ">
                and qishou.qishou_phone like CONCAT('%',#{params.qishouPhone},'%')
            </if>
            <if test=" params.qishouIdNumber != '' and params.qishouIdNumber != null and params.qishouIdNumber != 'null' ">
                and qishou.qishou_id_number like CONCAT('%',#{params.qishouIdNumber},'%')
            </if>
            <if test="params.qishouDeleteStart != null  and params.qishouDeleteStart != '' ">
                <![CDATA[  and qishou.qishou_delete >= #{params.qishouDeleteStart}   ]]>
            </if>
            <if test="params.qishouDeleteEnd != null  and params.qishouDeleteEnd != '' ">
                <![CDATA[  and qishou.qishou_delete <= #{params.qishouDeleteEnd}   ]]>
            </if>
            <if test="params.qishouDelete != null  and params.qishouDelete != '' ">
                and qishou.qishou_delete = #{params.qishouDelete}
            </if>
        </where>

        order by a.${params.orderBy} desc 
    </select>

</mapper>